{
    "accuracy": 0.7206606780643292,
    "precision": 0.7606473594548552,
    "recall": 0.8162705667276051,
    "auc": 0.743983413450752
}
